ID,TENANT_ID,FOR_DESCRIPTION,FROM_DATE,TO_DATE,AMOUNT,DUE_DATE,CREATED_ON,UPDATED_ON
333,E9672A4E-5D87-4263-A8DF-38DCFC2198FD,Tax Collection Under Maharashtra Land Revenue Code 1966.,00:00.0,00:00.0,2180,00:00.0,00:00.0,NULL
334,1980E884-920A-4984-9CB8-25AF91C7FD14,Tax Collection Under Maharashtra Land Revenue Code 1966.,00:00.0,00:00.0,2180,00:00.0,00:00.0,NULL
335,266F56C5-2EE1-44EC-A879-2220685532AE,Tax Collection Under Maharashtra Land Revenue Code 1966.,00:00.0,00:00.0,2180,00:00.0,00:00.0,NULL
336,AB915ED8-FE16-4CCC-A45B-6C6604E78DD4,Tax Collection Under Maharashtra Land Revenue Code 1966.,00:00.0,00:00.0,2180,00:00.0,00:00.0,NULL
337,DA6E01BB-2AB1-4A5B-A77A-C915A38A20EF,Tax Collection Under Maharashtra Land Revenue Code 1966.,00:00.0,00:00.0,2180,00:00.0,00:00.0,NULL
338,3DC2F219-6A40-41BF-B51D-9CCA67DF74D4,Tax Collection Under Maharashtra Land Revenue Code 1966.,00:00.0,00:00.0,2180,00:00.0,00:00.0,NULL
339,911B04CE-D21E-442C-8EE3-6CA723E9907C,Tax Collection Under Maharashtra Land Revenue Code 1966.,00:00.0,00:00.0,2180,00:00.0,00:00.0,NULL
340,2D4E4DFD-286F-439D-93A1-6C282F7A0D8F,Tax Collection Under Maharashtra Land Revenue Code 1966.,00:00.0,00:00.0,2180,00:00.0,00:00.0,NULL
341,72E1D9F1-0304-4952-B3B8-630C12C10658,Tax Collection Under Maharashtra Land Revenue Code 1966.,00:00.0,00:00.0,2180,00:00.0,00:00.0,NULL
342,26CE6F37-3833-4770-8200-AB9628737E15,Tax Collection Under Maharashtra Land Revenue Code 1966.,00:00.0,00:00.0,2180,00:00.0,00:00.0,NULL
343,66186A54-F966-4E93-9BCC-CE053E7E9841,Tax Collection Under Maharashtra Land Revenue Code 1966.,00:00.0,00:00.0,2180,00:00.0,00:00.0,NULL
344,95C53034-F347-4906-8EFA-64834BA8A1A4,Tax Collection Under Maharashtra Land Revenue Code 1966.,00:00.0,00:00.0,2180,00:00.0,00:00.0,NULL
345,EC8814AE-DB00-4D81-8CBC-1880CF41CC4F,Tax Collection Under Maharashtra Land Revenue Code 1966.,00:00.0,00:00.0,2180,00:00.0,00:00.0,NULL
346,AED485F6-8118-43FC-A103-85A1E30B9BF1,Tax Collection Under Maharashtra Land Revenue Code 1966.,00:00.0,00:00.0,2180,00:00.0,00:00.0,NULL
347,B2B6F1EA-0473-4BEB-BF34-D00EC7BB5040,Tax Collection Under Maharashtra Land Revenue Code 1966.,00:00.0,00:00.0,2180,00:00.0,00:00.0,NULL
348,1C25260B-2AF1-4D10-81CE-2EDEBD696EE6,Tax Collection Under Maharashtra Land Revenue Code 1966.,00:00.0,00:00.0,2180,00:00.0,00:00.0,NULL
349,A45C782C-F435-48DA-89AE-4513604DD302,Tax Collection Under Maharashtra Land Revenue Code 1966.,00:00.0,00:00.0,2180,00:00.0,00:00.0,NULL
350,B8E9601E-689A-44E2-A76D-C81A60510BBA,Tax Collection Under Maharashtra Land Revenue Code 1966.,00:00.0,00:00.0,2180,00:00.0,00:00.0,NULL
351,20195576-025C-4828-85C8-A094CF5604A4,Tax Collection Under Maharashtra Land Revenue Code 1966.,00:00.0,00:00.0,2180,00:00.0,00:00.0,NULL
352,CB741910-3CF1-4698-8CAE-0C09E2BEBCAE,Tax Collection Under Maharashtra Land Revenue Code 1966.,00:00.0,00:00.0,2180,00:00.0,00:00.0,NULL
353,8794C16C-CC1A-4780-BCB9-30AE6C4D9DE4,Tax Collection Under Maharashtra Land Revenue Code 1966.,00:00.0,00:00.0,2180,00:00.0,00:00.0,NULL
354,DEED19BC-98FC-4E78-90F5-DC6903731296,Tax Collection Under Maharashtra Land Revenue Code 1966.,00:00.0,00:00.0,2180,00:00.0,00:00.0,NULL
355,E5A61898-8081-41CD-8D54-EE637C2019F3,Tax Collection Under Maharashtra Land Revenue Code 1966.,00:00.0,00:00.0,2180,00:00.0,00:00.0,NULL
356,09ECE9E6-6CEA-4109-9D3E-F3BEC251955D,Tax Collection Under Maharashtra Land Revenue Code 1966.,00:00.0,00:00.0,2180,00:00.0,00:00.0,NULL
357,3A397F2E-F4B5-424B-86CE-01DD3A48AD43,Tax Collection Under Maharashtra Land Revenue Code 1966.,00:00.0,00:00.0,2180,00:00.0,00:00.0,NULL
358,4D719F99-08D1-4964-8C85-642A68B09274,Tax Collection Under Maharashtra Land Revenue Code 1966.,00:00.0,00:00.0,2180,00:00.0,00:00.0,NULL
359,65013B8A-3963-4E6B-9A2A-ACAC538237E5,Tax Collection Under Maharashtra Land Revenue Code 1966.,00:00.0,00:00.0,2180,00:00.0,00:00.0,NULL
360,85637640-115A-4924-909B-DAEEEBF9A922,Tax Collection Under Maharashtra Land Revenue Code 1966.,00:00.0,00:00.0,2180,00:00.0,00:00.0,NULL
361,D6E8744F-3A0D-4782-8EBD-5677AF694B79,Tax Collection Under Maharashtra Land Revenue Code 1966.,00:00.0,00:00.0,2180,00:00.0,00:00.0,NULL
362,DEB08839-4655-4A8E-B0C5-95434CAFAE4F,Tax Collection Under Maharashtra Land Revenue Code 1966.,00:00.0,00:00.0,2180,00:00.0,00:00.0,NULL
363,E3B98A99-7283-40A1-B93E-D95E114D5AAA,Tax Collection Under Maharashtra Land Revenue Code 1966.,00:00.0,00:00.0,2180,00:00.0,00:00.0,NULL
364,38C3C10D-8C78-41D4-BD49-C6249CAB2076,Tax Collection Under Maharashtra Land Revenue Code 1966.,00:00.0,00:00.0,2180,00:00.0,00:00.0,NULL
365,88A4E8D4-9D3A-4D1D-AFF4-3DF9C8895505,Tax Collection Under Maharashtra Land Revenue Code 1966.,00:00.0,00:00.0,2180,00:00.0,00:00.0,NULL
366,E647A158-8784-400D-97FC-4E87424E34DB,Tax Collection Under Maharashtra Land Revenue Code 1966.,00:00.0,00:00.0,2180,00:00.0,00:00.0,NULL
367,22DA7CDE-2511-488B-AFC9-56BD602B85E6,Tax Collection Under Maharashtra Land Revenue Code 1966.,00:00.0,00:00.0,2180,00:00.0,00:00.0,NULL
368,1DCBC80A-5909-49D1-B8A7-767D73FAFA8C,Tax Collection Under Maharashtra Land Revenue Code 1966.,00:00.0,00:00.0,2180,00:00.0,00:00.0,NULL
369,80BDCAD6-EF88-4770-AB96-ADA546668DBA,Tax Collection Under Maharashtra Land Revenue Code 1966.,00:00.0,00:00.0,2180,00:00.0,00:00.0,NULL
370,B9E338EA-6F4B-4CFF-9712-4B83A299E405,Tax Collection Under Maharashtra Land Revenue Code 1966.,00:00.0,00:00.0,2180,00:00.0,00:00.0,NULL
371,057DB3BD-B64F-44E2-ABE4-AE5B565B77AF,Tax Collection Under Maharashtra Land Revenue Code 1966.,00:00.0,00:00.0,2180,00:00.0,00:00.0,NULL
372,01CC8092-3CC7-4C0A-A62D-331DFA927CB4,Tax Collection Under Maharashtra Land Revenue Code 1966.,00:00.0,00:00.0,2180,00:00.0,00:00.0,NULL
373,65227C3C-1124-4F3A-BE36-86E9B20FF81B,Tax Collection Under Maharashtra Land Revenue Code 1966.,00:00.0,00:00.0,2180,00:00.0,00:00.0,NULL
374,CCD8E7D5-3643-4713-ACC9-A17C5889AE11,Tax Collection Under Maharashtra Land Revenue Code 1966.,00:00.0,00:00.0,2180,00:00.0,00:00.0,NULL
375,7A143B61-8281-4BF4-ABCE-359802BE4332,Tax Collection Under Maharashtra Land Revenue Code 1966.,00:00.0,00:00.0,2180,00:00.0,00:00.0,NULL
376,F1D3E94B-DBDD-4C08-938C-59BEA6B3DFA6,Tax Collection Under Maharashtra Land Revenue Code 1966.,00:00.0,00:00.0,2180,00:00.0,00:00.0,NULL
377,EE021E15-E685-4768-B409-97DA2505BC3B,Tax Collection Under Maharashtra Land Revenue Code 1966.,00:00.0,00:00.0,2180,00:00.0,00:00.0,NULL
378,3196F0FE-01CE-421C-83E9-B3A195A415F6,Tax Collection Under Maharashtra Land Revenue Code 1966.,00:00.0,00:00.0,2180,00:00.0,00:00.0,NULL
379,CABE7321-EAA6-4072-9B3D-F5556A4706DF,Tax Collection Under Maharashtra Land Revenue Code 1966.,00:00.0,00:00.0,2180,00:00.0,00:00.0,NULL
380,FEB673E4-3A4F-45BB-9CD9-AB6B57D977B4,Tax Collection Under Maharashtra Land Revenue Code 1966.,00:00.0,00:00.0,2180,00:00.0,00:00.0,NULL
381,163ACE12-22B5-4733-B98C-1D4441247CCE,Tax Collection Under Maharashtra Land Revenue Code 1966.,00:00.0,00:00.0,2180,00:00.0,00:00.0,NULL
382,67799C59-9CFC-4977-B34C-C5A27B31B5E8,Tax Collection Under Maharashtra Land Revenue Code 1966.,00:00.0,00:00.0,2180,00:00.0,00:00.0,NULL
383,3D307954-8DBE-4034-B1B8-F2EB046F38C6,Tax Collection Under Maharashtra Land Revenue Code 1966.,00:00.0,00:00.0,2180,00:00.0,00:00.0,NULL
384,213EA6D2-6DD5-42F9-B67D-83CB76384CDC,Tax Collection Under Maharashtra Land Revenue Code 1966.,00:00.0,00:00.0,2180,00:00.0,00:00.0,NULL
385,BFA40CC9-2B9F-4E77-8E78-9D6F4802EA4B,Tax Collection Under Maharashtra Land Revenue Code 1966.,00:00.0,00:00.0,2180,00:00.0,00:00.0,NULL
386,8BE6E2AA-261D-445A-85E7-AF9E0C16879F,Tax Collection Under Maharashtra Land Revenue Code 1966.,00:00.0,00:00.0,2180,00:00.0,00:00.0,NULL
387,E198652E-2068-43CE-9A82-F1C0F9411BB2,Tax Collection Under Maharashtra Land Revenue Code 1966.,00:00.0,00:00.0,2180,00:00.0,00:00.0,NULL
388,D7208AB9-BF74-4539-84FA-FE7AFB7CD678,Tax Collection Under Maharashtra Land Revenue Code 1966.,00:00.0,00:00.0,2180,00:00.0,00:00.0,NULL
389,698F2207-8FA3-4D80-B643-9046F17E9F0A,Tax Collection Under Maharashtra Land Revenue Code 1966.,00:00.0,00:00.0,2180,00:00.0,00:00.0,NULL
390,F8F25EFD-39C6-4450-BACF-BAC7764A840A,Tax Collection Under Maharashtra Land Revenue Code 1966.,00:00.0,00:00.0,2180,00:00.0,00:00.0,NULL
391,D7F0D298-DDB1-4379-9488-255314F9A686,Tax Collection Under Maharashtra Land Revenue Code 1966.,00:00.0,00:00.0,2180,00:00.0,00:00.0,NULL
392,8506C776-DCBD-4D73-AC26-E1701676D498,Tax Collection Under Maharashtra Land Revenue Code 1966.,00:00.0,00:00.0,2180,00:00.0,00:00.0,NULL
393,BA9CCCCD-F142-4642-9255-BCBDE276B675,Tax Collection Under Maharashtra Land Revenue Code 1966.,00:00.0,00:00.0,2180,00:00.0,00:00.0,NULL
394,E3410BFF-1382-41FD-99CE-C50C037FE6DA,Tax Collection Under Maharashtra Land Revenue Code 1966.,00:00.0,00:00.0,2180,00:00.0,00:00.0,NULL
395,85F962B6-32F5-4501-9FE9-1F725D37040D,Tax Collection Under Maharashtra Land Revenue Code 1966.,00:00.0,00:00.0,2180,00:00.0,00:00.0,NULL
396,77488523-0544-45D4-9733-3380B48ADDB9,Tax Collection Under Maharashtra Land Revenue Code 1966.,00:00.0,00:00.0,2180,00:00.0,00:00.0,NULL
397,40AB16E3-FBF1-4176-AE6A-CBA9D8F2D8E6,Tax Collection Under Maharashtra Land Revenue Code 1966.,00:00.0,00:00.0,2180,00:00.0,00:00.0,NULL
398,9C2A2ADE-57F9-4C32-BBAD-3FD774646EF4,Tax Collection Under Maharashtra Land Revenue Code 1966.,00:00.0,00:00.0,2180,00:00.0,00:00.0,NULL
399,EAE68816-0356-41F3-A806-BC306FF997AF,Tax Collection Under Maharashtra Land Revenue Code 1966.,00:00.0,00:00.0,2180,00:00.0,00:00.0,NULL
400,E711E232-573E-497D-9565-D23C96F9E8DA,Tax Collection Under Maharashtra Land Revenue Code 1966.,00:00.0,00:00.0,2180,00:00.0,00:00.0,NULL
401,06073EFF-7924-4F01-B561-348B85499717,Tax Collection Under Maharashtra Land Revenue Code 1966.,00:00.0,00:00.0,2180,00:00.0,00:00.0,NULL
402,53C76767-669C-4B5F-A20B-54D613A24E24,Tax Collection Under Maharashtra Land Revenue Code 1966.,00:00.0,00:00.0,2180,00:00.0,00:00.0,NULL
403,AB2BFB83-C11E-4277-B468-EB9027B3B18A,Tax Collection Under Maharashtra Land Revenue Code 1966.,00:00.0,00:00.0,2180,00:00.0,00:00.0,NULL
404,CA507A39-DE1D-47EF-BF0D-D77F68711482,Tax Collection Under Maharashtra Land Revenue Code 1966.,00:00.0,00:00.0,2180,00:00.0,00:00.0,NULL
410,C0DCBA1C-2662-49AC-8773-C6336B28245F,Tax Collection Under Maharashtra Land Revenue Code 1966.,00:00.0,00:00.0,2180,00:00.0,00:00.0,NULL
411,DF64FB6D-83BF-49AE-A244-001FFD87F9BE,Tax Collection Under Maharashtra Land Revenue Code 1966.,00:00.0,00:00.0,2180,00:00.0,00:00.0,NULL
412,56D39DE1-49E4-4A10-8215-AFBE3FB0C32A,Tax Collection Under Maharashtra Land Revenue Code 1966.,00:00.0,00:00.0,2180,00:00.0,00:00.0,NULL
413,E3E0F511-9991-43F9-B1A8-E3342C1686C1,Tax Collection Under Maharashtra Land Revenue Code 1966.,00:00.0,00:00.0,2180,00:00.0,00:00.0,NULL
414,A7CC9E9E-90F1-4FEA-9556-0E172841A646,Tax Collection Under Maharashtra Land Revenue Code 1966.,00:00.0,00:00.0,2180,00:00.0,00:00.0,NULL
415,DC92D5BE-C46F-478E-8799-B33FAF40D583,Tax Collection Under Maharashtra Land Revenue Code 1966.,00:00.0,00:00.0,2180,00:00.0,00:00.0,NULL
416,D099F92E-FD9B-4254-8DF9-39035CE8AD8F,Tax Collection Under Maharashtra Land Revenue Code 1966.,00:00.0,00:00.0,2180,00:00.0,00:00.0,NULL
417,0CFE0ECB-FC16-4A65-9BF1-681C25359317,Tax Collection Under Maharashtra Land Revenue Code 1966.,00:00.0,00:00.0,2180,00:00.0,00:00.0,NULL
418,E0B4179E-1CB7-4D96-BEDD-C504A375ADD9,Tax Collection Under Maharashtra Land Revenue Code 1966.,00:00.0,00:00.0,2180,00:00.0,00:00.0,NULL
419,B9960A25-7F15-4304-9DA5-126847F381C1,Tax Collection Under Maharashtra Land Revenue Code 1966.,00:00.0,00:00.0,2180,00:00.0,00:00.0,NULL
420,10EC80D8-69C3-43E2-A796-6C178B3186C4,Tax Collection Under Maharashtra Land Revenue Code 1966.,00:00.0,00:00.0,2180,00:00.0,00:00.0,NULL
421,4CAD2666-8D2F-4D62-A554-F2C19496D087,Tax Collection Under Maharashtra Land Revenue Code 1966.,00:00.0,00:00.0,2180,00:00.0,00:00.0,NULL
422,76FDB3C3-024C-4C37-98E1-587631D9F0DC,Tax Collection Under Maharashtra Land Revenue Code 1966.,00:00.0,00:00.0,2180,00:00.0,00:00.0,NULL
423,8956479F-EBD3-4D93-A762-BC654BD4F5D9,Tax Collection Under Maharashtra Land Revenue Code 1966.,00:00.0,00:00.0,2180,00:00.0,00:00.0,NULL
424,B36DA61C-FAC8-4F54-8830-D90608EDEA5F,Tax Collection Under Maharashtra Land Revenue Code 1966.,00:00.0,00:00.0,2180,00:00.0,00:00.0,NULL
425,2443B867-9636-4F81-8EB1-CF7091690410,Tax Collection Under Maharashtra Land Revenue Code 1966.,00:00.0,00:00.0,2180,00:00.0,00:00.0,NULL
426,51A8A594-86B0-4C5D-A4C2-A40DFD1B19BB,Tax Collection Under Maharashtra Land Revenue Code 1966.,00:00.0,00:00.0,2180,00:00.0,00:00.0,NULL
427,2EC1FBC9-46B8-4B88-BA6C-9A878D4DBA56,Tax Collection Under Maharashtra Land Revenue Code 1966.,00:00.0,00:00.0,2180,00:00.0,00:00.0,NULL
428,36A23963-498D-4C7D-8C41-8082F4003636,Tax Collection Under Maharashtra Land Revenue Code 1966.,00:00.0,00:00.0,2180,00:00.0,00:00.0,NULL
429,83AEC2EF-E15D-422C-9D05-BDCF5A260215,Tax Collection Under Maharashtra Land Revenue Code 1966.,00:00.0,00:00.0,2180,00:00.0,00:00.0,NULL
430,AD19B994-506E-43D2-A7C1-CFF692A00680,Tax Collection Under Maharashtra Land Revenue Code 1966.,00:00.0,00:00.0,2180,00:00.0,00:00.0,NULL
431,EF04F250-6C1D-43AA-AF5B-4B92A407B929,Tax Collection Under Maharashtra Land Revenue Code 1966.,00:00.0,00:00.0,2180,00:00.0,00:00.0,NULL
432,4AFC1318-D5D5-467A-8F1E-C86AC9B7ECB6,Tax Collection Under Maharashtra Land Revenue Code 1966.,00:00.0,00:00.0,2180,00:00.0,00:00.0,NULL
433,AD5F1E23-8261-4676-930D-07C3A10870F2,Tax Collection Under Maharashtra Land Revenue Code 1966.,00:00.0,00:00.0,2180,00:00.0,00:00.0,NULL
434,C2D43DF8-8BCC-4108-8DD7-9D8598A8792F,Tax Collection Under Maharashtra Land Revenue Code 1966.,00:00.0,00:00.0,2180,00:00.0,00:00.0,NULL
435,120E5783-3F01-4825-9F72-11A819477ED1,Tax Collection Under Maharashtra Land Revenue Code 1966.,00:00.0,00:00.0,2180,00:00.0,00:00.0,NULL
436,042B3C43-238F-4CF4-AA74-1F2644EC85D5,Tax Collection Under Maharashtra Land Revenue Code 1966.,00:00.0,00:00.0,2180,00:00.0,00:00.0,NULL
437,5D3592E8-F6EC-436A-9A73-1F9C915C5C05,Tax Collection Under Maharashtra Land Revenue Code 1966.,00:00.0,00:00.0,2180,00:00.0,00:00.0,NULL
438,596F1F39-3B49-4889-99F5-7584FECAAD22,Tax Collection Under Maharashtra Land Revenue Code 1966.,00:00.0,00:00.0,2180,00:00.0,00:00.0,NULL
439,8955DF30-D2B5-4D1D-B5B6-9FBC6E722523,Tax Collection Under Maharashtra Land Revenue Code 1966.,00:00.0,00:00.0,2180,00:00.0,00:00.0,NULL
440,8E6063C7-33D8-4F66-93AA-F54DEFEA4E79,Tax Collection Under Maharashtra Land Revenue Code 1966.,00:00.0,00:00.0,2180,00:00.0,00:00.0,NULL
441,79A91BFB-C960-45F7-9CB8-02F9F7AAA617,Tax Collection Under Maharashtra Land Revenue Code 1966.,00:00.0,00:00.0,2180,00:00.0,00:00.0,NULL
442,53546231-26C2-4A11-A48B-05AA199A04EE,Tax Collection Under Maharashtra Land Revenue Code 1966.,00:00.0,00:00.0,2180,00:00.0,00:00.0,NULL
443,80EE65F7-957C-4661-9806-D8F2AC915DAF,Tax Collection Under Maharashtra Land Revenue Code 1966.,00:00.0,00:00.0,2180,00:00.0,00:00.0,NULL
444,9D726BD8-DCF0-4716-BD13-FF1CE53F6403,Tax Collection Under Maharashtra Land Revenue Code 1966.,00:00.0,00:00.0,2180,00:00.0,00:00.0,NULL
445,2A675254-4C8C-4670-A59A-9F2F0D62D5B9,Tax Collection Under Maharashtra Land Revenue Code 1966.,00:00.0,00:00.0,2180,00:00.0,00:00.0,NULL
446,1F76BE46-5747-4BB3-ABA1-B70083A18C0B,Tax Collection Under Maharashtra Land Revenue Code 1966.,00:00.0,00:00.0,2180,00:00.0,00:00.0,NULL
447,EA83D0E4-DF62-4BFC-807C-CB3DA4D1066F,Tax Collection Under Maharashtra Land Revenue Code 1966.,00:00.0,00:00.0,2180,00:00.0,00:00.0,NULL
448,76095620-D34B-4BC2-B310-4363D72F1450,Tax Collection Under Maharashtra Land Revenue Code 1966.,00:00.0,00:00.0,2180,00:00.0,00:00.0,NULL
449,10B968E7-303D-40EC-8949-29CDBA95AFF4,Tax Collection Under Maharashtra Land Revenue Code 1966.,00:00.0,00:00.0,2180,00:00.0,00:00.0,NULL
450,10BCC6D3-E556-490F-B3D5-428EA7731E45,Tax Collection Under Maharashtra Land Revenue Code 1966.,00:00.0,00:00.0,2180,00:00.0,00:00.0,NULL
451,DE83F39C-974F-4A48-A562-0E363705F21C,Tax Collection Under Maharashtra Land Revenue Code 1966.,00:00.0,00:00.0,2180,00:00.0,00:00.0,NULL
452,92686F2A-526A-4008-99A9-1118A3F10D8B,Tax Collection Under Maharashtra Land Revenue Code 1966.,00:00.0,00:00.0,2180,00:00.0,00:00.0,NULL
453,0510A15B-E068-498F-82FB-B4B56C769EE7,Tax Collection Under Maharashtra Land Revenue Code 1966.,00:00.0,00:00.0,2180,00:00.0,00:00.0,NULL
454,7130395E-5291-4C61-B833-FB169B4748E6,Tax Collection Under Maharashtra Land Revenue Code 1966.,00:00.0,00:00.0,2180,00:00.0,00:00.0,NULL
455,07DE0D84-9481-429E-90AD-AD0703E4FF2D,Tax Collection Under Maharashtra Land Revenue Code 1966.,00:00.0,00:00.0,2180,00:00.0,00:00.0,NULL
456,12ACD334-F37A-4D84-8425-0C2E2E59EC36,Tax Collection Under Maharashtra Land Revenue Code 1966.,00:00.0,00:00.0,2180,00:00.0,00:00.0,NULL
457,49AA8F02-B8D6-4F1A-8DE0-8C6310D8B183,Tax Collection Under Maharashtra Land Revenue Code 1966.,00:00.0,00:00.0,2180,00:00.0,00:00.0,NULL
458,D045C75F-7DF2-4542-A4C5-6A90FBFE5226,Tax Collection Under Maharashtra Land Revenue Code 1966.,00:00.0,00:00.0,2180,00:00.0,00:00.0,NULL
459,B8EE3D89-59FC-4812-84AA-5F15830EEEEE,Tax Collection Under Maharashtra Land Revenue Code 1966.,00:00.0,00:00.0,2180,00:00.0,00:00.0,NULL
460,B9A240AF-985B-4AFA-851D-79A106F05AEF,Tax Collection Under Maharashtra Land Revenue Code 1966.,00:00.0,00:00.0,2180,00:00.0,00:00.0,NULL
461,27FC1288-D45E-46EE-93C1-E3A8EB07F241,Tax Collection Under Maharashtra Land Revenue Code 1966.,00:00.0,00:00.0,2180,00:00.0,00:00.0,NULL
462,D78A2727-BA30-40C0-9B7A-B384340EE7DC,Tax Collection Under Maharashtra Land Revenue Code 1966.,00:00.0,00:00.0,2180,00:00.0,00:00.0,NULL
463,0334F44B-A71B-4A4B-AA0D-3D3F43123117,Tax Collection Under Maharashtra Land Revenue Code 1966.,00:00.0,00:00.0,2180,00:00.0,00:00.0,NULL
464,B09D32CD-2A1B-4A63-AC9A-FEFC5F33B332,Tax Collection Under Maharashtra Land Revenue Code 1966.,00:00.0,00:00.0,2180,00:00.0,00:00.0,NULL
465,3614E850-6B22-4DBC-BBDC-198CECEDF1F5,Tax Collection Under Maharashtra Land Revenue Code 1966.,00:00.0,00:00.0,2180,00:00.0,00:00.0,NULL
466,BC4BB8B4-1EFD-4268-8070-FB79F7390150,Tax Collection Under Maharashtra Land Revenue Code 1966.,00:00.0,00:00.0,2180,00:00.0,00:00.0,NULL
467,C5A7A58B-476E-4DE3-8B04-8496217C4726,Tax Collection Under Maharashtra Land Revenue Code 1966.,00:00.0,00:00.0,2180,00:00.0,00:00.0,NULL
468,6405D7C1-A28A-4270-AB39-4A0D8F9A1C39,Tax Collection Under Maharashtra Land Revenue Code 1966.,00:00.0,00:00.0,2180,00:00.0,00:00.0,NULL
469,65ED514E-6421-47A3-8E86-BF4D766E4853,Tax Collection Under Maharashtra Land Revenue Code 1966.,00:00.0,00:00.0,2180,00:00.0,00:00.0,NULL
470,2FEBE5FD-49D2-4566-B8D1-4C557F319F49,Tax Collection Under Maharashtra Land Revenue Code 1966.,00:00.0,00:00.0,2180,00:00.0,00:00.0,NULL
471,B129655C-FD9F-40E4-9993-00F1C1694579,Tax Collection Under Maharashtra Land Revenue Code 1966.,00:00.0,00:00.0,2180,00:00.0,00:00.0,NULL
472,FA9903EF-5C22-494B-8C0F-3641B88C79DA,Tax Collection Under Maharashtra Land Revenue Code 1966.,00:00.0,00:00.0,2180,00:00.0,00:00.0,NULL
473,F2C597F3-788E-4159-85CA-41878EF630FD,Tax Collection Under Maharashtra Land Revenue Code 1966.,00:00.0,00:00.0,2180,00:00.0,00:00.0,NULL
474,26EFCDFA-A066-4B52-AEB4-A5F2EB304D03,Tax Collection Under Maharashtra Land Revenue Code 1966.,00:00.0,00:00.0,2180,00:00.0,00:00.0,NULL
475,BADA788F-7867-4D9F-B9AA-D7305F2D830B,Tax Collection Under Maharashtra Land Revenue Code 1966.,00:00.0,00:00.0,2180,00:00.0,00:00.0,NULL
476,421CB57D-4D01-4E7D-892B-491186462482,Tax Collection Under Maharashtra Land Revenue Code 1966.,00:00.0,00:00.0,2180,00:00.0,00:00.0,NULL
477,A3BB5B6F-C550-4511-8B8D-9C0AFA18687F,Tax Collection Under Maharashtra Land Revenue Code 1966.,00:00.0,00:00.0,2180,00:00.0,00:00.0,NULL
478,383795D3-4C30-4EE5-8E23-23E33CEC3B7A,Tax Collection Under Maharashtra Land Revenue Code 1966.,00:00.0,00:00.0,2180,00:00.0,00:00.0,NULL
479,7172E4A7-D727-438E-9C8D-97FC8FD4BFE7,Tax Collection Under Maharashtra Land Revenue Code 1966.,00:00.0,00:00.0,2180,00:00.0,00:00.0,NULL
480,E4B984BA-618F-4C1E-9EAC-8EB7A6B86884,Tax Collection Under Maharashtra Land Revenue Code 1966.,00:00.0,00:00.0,2180,00:00.0,00:00.0,NULL
481,9E82F387-0F76-471C-8DEB-9067976A769B,Tax Collection Under Maharashtra Land Revenue Code 1966.,00:00.0,00:00.0,2180,00:00.0,00:00.0,NULL
482,14AE5195-02FD-4E0A-BE0D-F2A10F630FB8,Tax Collection Under Maharashtra Land Revenue Code 1966.,00:00.0,00:00.0,2180,00:00.0,00:00.0,NULL
483,ABAB8D58-4192-4FC3-926F-DECF2E028A4E,Tax Collection Under Maharashtra Land Revenue Code 1966.,00:00.0,00:00.0,2180,00:00.0,00:00.0,NULL
484,09F11309-623D-4A0E-96AA-547912321F11,Tax Collection Under Maharashtra Land Revenue Code 1966.,00:00.0,00:00.0,2180,00:00.0,00:00.0,NULL
485,57C16D9B-E572-427D-AA4C-8A620CF4058E,Tax Collection Under Maharashtra Land Revenue Code 1966.,00:00.0,00:00.0,2180,00:00.0,00:00.0,NULL
486,AE05B6B1-E01E-43C7-8541-4CF297808F6F,Tax Collection Under Maharashtra Land Revenue Code 1966.,00:00.0,00:00.0,2180,00:00.0,00:00.0,NULL
487,260B58ED-F210-4F22-B1DB-5CE4D036D56E,Tax Collection Under Maharashtra Land Revenue Code 1966.,00:00.0,00:00.0,2180,00:00.0,00:00.0,NULL
488,76667F21-0808-4A22-8AD8-97CF10DBFA2D,Tax Collection Under Maharashtra Land Revenue Code 1966.,00:00.0,00:00.0,2180,00:00.0,00:00.0,NULL
489,80F06FE1-B5B5-48B8-B916-8B4C619FF8A1,Tax Collection Under Maharashtra Land Revenue Code 1966.,00:00.0,00:00.0,2180,00:00.0,00:00.0,NULL
490,8BB19C30-5FFC-4D1E-9DF1-424E4D466D1D,Tax Collection Under Maharashtra Land Revenue Code 1966.,00:00.0,00:00.0,2180,00:00.0,00:00.0,NULL
491,F4D05252-2C75-498F-AA66-DBDE9B3F064F,Tax Collection Under Maharashtra Land Revenue Code 1966.,00:00.0,00:00.0,2180,00:00.0,00:00.0,NULL
492,6D9DC189-CBDB-4194-8F60-4E6C3D5E5D7C,Tax Collection Under Maharashtra Land Revenue Code 1966.,00:00.0,00:00.0,2180,00:00.0,00:00.0,NULL
493,28726F42-B86B-4320-93F9-BFD905826443,Tax Collection Under Maharashtra Land Revenue Code 1966.,00:00.0,00:00.0,2180,00:00.0,00:00.0,NULL
494,D60C0921-0DE6-4BC8-8AB1-EE670575273A,Tax Collection Under Maharashtra Land Revenue Code 1966.,00:00.0,00:00.0,2180,00:00.0,00:00.0,NULL
495,842D2979-7B1D-4EC3-A11B-C5F5CFB7AF08,Tax Collection Under Maharashtra Land Revenue Code 1966.,00:00.0,00:00.0,2180,00:00.0,00:00.0,NULL
497,F62BB2FB-DF06-4CEA-BA06-02815718C870,Tax Collection Under Maharashtra Land Revenue Code 1966.,00:00.0,00:00.0,2180,00:00.0,00:00.0,NULL
498,D6678DB4-D3C2-46D3-BD29-2CF45A24898D,Tax Collection Under Maharashtra Land Revenue Code 1966.,00:00.0,00:00.0,2180,00:00.0,00:00.0,NULL
499,2BF00DD5-090C-4AE4-AAAE-F5866A170A33,Tax Collection Under Maharashtra Land Revenue Code 1966.,00:00.0,00:00.0,2180,00:00.0,00:00.0,NULL
500,01DD8611-D92D-4CB9-9995-F77A35F78732,Tax Collection Under Maharashtra Land Revenue Code 1966.,00:00.0,00:00.0,2180,00:00.0,00:00.0,NULL
501,0C7C4E4E-83D8-465B-A110-1DF2545DAFF3,Tax Collection Under Maharashtra Land Revenue Code 1966.,00:00.0,00:00.0,2180,00:00.0,00:00.0,NULL
502,8F927575-11A3-4535-B6BC-AD12178E4B1C,Tax Collection Under Maharashtra Land Revenue Code 1966.,00:00.0,00:00.0,2180,00:00.0,00:00.0,NULL
503,89F76D8F-F18E-4335-A08F-97746DD4835D,Tax Collection Under Maharashtra Land Revenue Code 1966.,00:00.0,00:00.0,2180,00:00.0,00:00.0,NULL
504,8A9CE070-EA7E-48E4-8CF1-85ADAB336BDF,Tax Collection Under Maharashtra Land Revenue Code 1966.,00:00.0,00:00.0,2180,00:00.0,00:00.0,NULL
505,8136699F-149A-4A46-9682-8EB116776CE4,Tax Collection Under Maharashtra Land Revenue Code 1966.,00:00.0,00:00.0,2180,00:00.0,00:00.0,NULL
506,BD93FA5F-41A5-4873-9EEE-D846EFA581B9,Tax Collection Under Maharashtra Land Revenue Code 1966.,00:00.0,00:00.0,2180,00:00.0,00:00.0,NULL
507,B03E981C-680D-4073-AAF1-B00B0E6CC3BB,Tax Collection Under Maharashtra Land Revenue Code 1966.,00:00.0,00:00.0,2180,00:00.0,00:00.0,NULL
508,00287C1F-726B-41FA-888F-277C96DC05ED,Tax Collection Under Maharashtra Land Revenue Code 1966.,00:00.0,00:00.0,2180,00:00.0,00:00.0,NULL
509,5F6785A1-EEEF-45F9-B103-5D5594024EBA,Tax Collection Under Maharashtra Land Revenue Code 1966.,00:00.0,00:00.0,2180,00:00.0,00:00.0,NULL
510,5814FE66-18B5-4B45-89A6-83E168456EB9,Tax Collection Under Maharashtra Land Revenue Code 1966.,00:00.0,00:00.0,2180,00:00.0,00:00.0,NULL
511,29F9ADBD-BCCC-4744-BE3A-395FB8F8C4AC,Tax Collection Under Maharashtra Land Revenue Code 1966.,00:00.0,00:00.0,2180,00:00.0,00:00.0,NULL
512,D9BB62A3-65C3-4E35-B889-895EC91DC1DF,Tax Collection Under Maharashtra Land Revenue Code 1966.,00:00.0,00:00.0,2180,00:00.0,00:00.0,NULL
513,FB8830B3-3635-41A8-87A1-FFE3251EA063,Tax Collection Under Maharashtra Land Revenue Code 1966.,00:00.0,00:00.0,2180,00:00.0,00:00.0,NULL
514,36428FE6-9D4F-4BF9-9A68-7222861D57BA,Tax Collection Under Maharashtra Land Revenue Code 1966.,00:00.0,00:00.0,2180,00:00.0,00:00.0,NULL
515,FC668B90-24F1-49E9-B571-9C8F7709969A,Tax Collection Under Maharashtra Land Revenue Code 1966.,00:00.0,00:00.0,2180,00:00.0,00:00.0,NULL
516,6B06784B-7555-4E92-8DD2-168494020CD4,Tax Collection Under Maharashtra Land Revenue Code 1966.,00:00.0,00:00.0,2180,00:00.0,00:00.0,NULL
517,73031B27-9FB6-44FD-8853-21BD7378EA33,Tax Collection Under Maharashtra Land Revenue Code 1966.,00:00.0,00:00.0,2180,00:00.0,00:00.0,NULL
518,CE504CF8-F8DE-4015-9DDC-B91082C10757,Tax Collection Under Maharashtra Land Revenue Code 1966.,00:00.0,00:00.0,2180,00:00.0,00:00.0,NULL
519,DC5CFED4-1FF7-444F-9708-6EC2C6358146,Tax Collection Under Maharashtra Land Revenue Code 1966.,00:00.0,00:00.0,2180,00:00.0,00:00.0,NULL
520,2B4F0E75-570B-414B-AC7E-B37EC9122D12,Tax Collection Under Maharashtra Land Revenue Code 1966.,00:00.0,00:00.0,2180,00:00.0,00:00.0,NULL
521,25889406-B1AD-4707-8441-246863A33A44,Tax Collection Under Maharashtra Land Revenue Code 1966.,00:00.0,00:00.0,2180,00:00.0,00:00.0,NULL
522,289B089C-AB21-495B-B8D0-C617982FCD93,Tax Collection Under Maharashtra Land Revenue Code 1966.,00:00.0,00:00.0,2180,00:00.0,00:00.0,NULL
523,ABA22019-5F2A-4A91-AD16-8899D46F288E,Tax Collection Under Maharashtra Land Revenue Code 1966.,00:00.0,00:00.0,2180,00:00.0,00:00.0,NULL
524,FBFABB6B-14A6-44F8-8808-14299AD2AA55,Tax Collection Under Maharashtra Land Revenue Code 1966.,00:00.0,00:00.0,2180,00:00.0,00:00.0,NULL
525,7876977B-5183-42F6-B963-BC289F914D4C,Tax Collection Under Maharashtra Land Revenue Code 1966.,00:00.0,00:00.0,2180,00:00.0,00:00.0,NULL
526,43DA5E34-D244-4B3F-B8BA-D752B6059828,Tax Collection Under Maharashtra Land Revenue Code 1966.,00:00.0,00:00.0,2180,00:00.0,00:00.0,NULL
527,E3D2D7CC-4DE9-43E3-B214-5D33AE633654,Tax Collection Under Maharashtra Land Revenue Code 1966.,00:00.0,00:00.0,2180,00:00.0,00:00.0,NULL
528,CC3F8BA3-71F2-4BB1-B7A8-DAAA1DFC309D,Tax Collection Under Maharashtra Land Revenue Code 1966.,00:00.0,00:00.0,2180,00:00.0,00:00.0,NULL
529,7EFCEB03-B9A7-4769-B08C-8C07B89852C2,Tax Collection Under Maharashtra Land Revenue Code 1966.,00:00.0,00:00.0,2180,00:00.0,00:00.0,NULL
530,EEB687EF-A186-4916-8591-3512DEFC43D6,Tax Collection Under Maharashtra Land Revenue Code 1966.,00:00.0,00:00.0,2180,00:00.0,00:00.0,NULL
531,9453ECCD-7DD8-4574-88E0-45B96C3F1570,Tax Collection Under Maharashtra Land Revenue Code 1966.,00:00.0,00:00.0,2180,00:00.0,00:00.0,NULL
532,DD5C9C2A-5B73-4790-8C02-D3A0A7EC88D2,Tax Collection Under Maharashtra Land Revenue Code 1966.,00:00.0,00:00.0,2180,00:00.0,00:00.0,NULL
533,68A73A96-EF6F-4DCF-A887-69B3BB9DFDD6,Tax Collection Under Maharashtra Land Revenue Code 1966.,00:00.0,00:00.0,2180,00:00.0,00:00.0,NULL
534,E9E34606-F943-4CD8-9A2B-6DD3C72EEBE6,Tax Collection Under Maharashtra Land Revenue Code 1966.,00:00.0,00:00.0,2180,00:00.0,00:00.0,NULL
535,0C9C0C07-391A-487C-9098-99F318F530F6,Tax Collection Under Maharashtra Land Revenue Code 1966.,00:00.0,00:00.0,2180,00:00.0,00:00.0,NULL
536,3DCC8B95-162D-4E59-9B37-6A818D946B7E,Tax Collection Under Maharashtra Land Revenue Code 1966.,00:00.0,00:00.0,2180,00:00.0,00:00.0,NULL
537,5B3FEF7E-465B-4C7A-9A9F-CA7411689827,Tax Collection Under Maharashtra Land Revenue Code 1966.,00:00.0,00:00.0,2180,00:00.0,00:00.0,NULL
538,D89FE7FA-F970-4CF3-9E64-0A1D460F4175,Tax Collection Under Maharashtra Land Revenue Code 1966.,00:00.0,00:00.0,2180,00:00.0,00:00.0,NULL
539,E9D72279-12C4-4E3D-B747-B232BA3E5C5D,Tax Collection Under Maharashtra Land Revenue Code 1966.,00:00.0,00:00.0,2180,00:00.0,00:00.0,NULL
540,508342FC-D097-4C4D-AE9F-8BAC975F836A,Tax Collection Under Maharashtra Land Revenue Code 1966.,00:00.0,00:00.0,2180,00:00.0,00:00.0,NULL
541,6663FDED-4277-47E8-90C9-34A5294506AB,Tax Collection Under Maharashtra Land Revenue Code 1966.,00:00.0,00:00.0,2180,00:00.0,00:00.0,NULL
542,FE503B2A-EB4A-4B44-A06D-600763CBCB66,Tax Collection Under Maharashtra Land Revenue Code 1966.,00:00.0,00:00.0,2180,00:00.0,00:00.0,NULL
543,5839F5F2-4003-48CE-9C76-AA65EB3E7A00,Tax Collection Under Maharashtra Land Revenue Code 1966.,00:00.0,00:00.0,2180,00:00.0,00:00.0,NULL
544,69553D33-7462-4D39-846D-3E09D0126975,Tax Collection Under Maharashtra Land Revenue Code 1966.,00:00.0,00:00.0,2180,00:00.0,00:00.0,NULL
545,BB8502C3-B7D6-472E-9140-B8413D2A145B,Tax Collection Under Maharashtra Land Revenue Code 1966.,00:00.0,00:00.0,2180,00:00.0,00:00.0,NULL
546,62BC4010-A31F-4FE0-A29B-DE75D9E1F796,Tax Collection Under Maharashtra Land Revenue Code 1966.,00:00.0,00:00.0,2180,00:00.0,00:00.0,NULL
547,D0200CC2-0D40-42DD-9DA7-C181318BBCDB,Tax Collection Under Maharashtra Land Revenue Code 1966.,00:00.0,00:00.0,2180,00:00.0,00:00.0,NULL
548,9D23F3D1-E14F-4684-A02A-7AAE0F9035B4,Tax Collection Under Maharashtra Land Revenue Code 1966.,00:00.0,00:00.0,2180,00:00.0,00:00.0,NULL
549,15A0A64C-73B4-40F0-91A0-44238F858F8C,Tax Collection Under Maharashtra Land Revenue Code 1966.,00:00.0,00:00.0,2180,00:00.0,00:00.0,NULL
550,44480079-F2D8-4FFB-A949-3B5CF101C266,Tax Collection Under Maharashtra Land Revenue Code 1966.,00:00.0,00:00.0,2180,00:00.0,00:00.0,NULL
551,E340413F-FBF1-4D85-82B2-47C1A4D2E7E7,Tax Collection Under Maharashtra Land Revenue Code 1966.,00:00.0,00:00.0,2180,00:00.0,00:00.0,NULL
552,E617C50F-5CA3-4C04-BE88-71189309FEFA,Tax Collection Under Maharashtra Land Revenue Code 1966.,00:00.0,00:00.0,2180,00:00.0,00:00.0,NULL
553,57F75C20-A909-4DF0-B345-1D4881A56D32,Tax Collection Under Maharashtra Land Revenue Code 1966.,00:00.0,00:00.0,2180,00:00.0,00:00.0,NULL
554,BA3EF417-D8E7-4138-8D22-A675691B0C76,Tax Collection Under Maharashtra Land Revenue Code 1966.,00:00.0,00:00.0,2180,00:00.0,00:00.0,NULL
555,3D6F2DCC-F37D-4E40-BB3E-4D8A712DBB5F,Tax Collection Under Maharashtra Land Revenue Code 1966.,00:00.0,00:00.0,2180,00:00.0,00:00.0,NULL
556,2A3EB0CA-013E-47A4-94FB-D007DDBB84A1,Tax Collection Under Maharashtra Land Revenue Code 1966.,00:00.0,00:00.0,2180,00:00.0,00:00.0,NULL
557,CAE08DDE-D6A1-43E0-97BD-B72C1D8A303C,Tax Collection Under Maharashtra Land Revenue Code 1966.,00:00.0,00:00.0,2180,00:00.0,00:00.0,NULL
558,6F6BF377-BE8A-4F25-AA22-C23E31F525EA,Tax Collection Under Maharashtra Land Revenue Code 1966.,00:00.0,00:00.0,2180,00:00.0,00:00.0,NULL
559,082EA1F3-52E1-4FD9-AA45-238A185BC3F7,Tax Collection Under Maharashtra Land Revenue Code 1966.,00:00.0,00:00.0,2180,00:00.0,00:00.0,NULL
560,7BE79781-F523-42D3-A9AF-9290DF73F6F6,Tax Collection Under Maharashtra Land Revenue Code 1966.,00:00.0,00:00.0,2180,00:00.0,00:00.0,NULL
561,C68FB49D-A674-447F-A204-7199F61B9B81,Tax Collection Under Maharashtra Land Revenue Code 1966.,00:00.0,00:00.0,2180,00:00.0,00:00.0,NULL
562,73FE8C85-1B3A-4447-AFFC-464388CDFB40,Tax Collection Under Maharashtra Land Revenue Code 1966.,00:00.0,00:00.0,2180,00:00.0,00:00.0,NULL
563,98BFB102-B8FB-4906-9974-DE7DB67CCA19,Tax Collection Under Maharashtra Land Revenue Code 1966.,00:00.0,00:00.0,2180,00:00.0,00:00.0,NULL
564,317BD872-CEDA-4BB2-A31F-8BD256E09766,Tax Collection Under Maharashtra Land Revenue Code 1966.,00:00.0,00:00.0,2180,00:00.0,00:00.0,NULL
565,6240180E-4B9D-4E43-B102-AFA2D964847B,Tax Collection Under Maharashtra Land Revenue Code 1966.,00:00.0,00:00.0,2180,00:00.0,00:00.0,NULL
566,062EE4F8-D6F2-4DF9-9145-31747C0EB31A,Tax Collection Under Maharashtra Land Revenue Code 1966.,00:00.0,00:00.0,2180,00:00.0,00:00.0,NULL
567,A7CEDAD6-5E11-47B5-8963-2806C9E361DA,Tax Collection Under Maharashtra Land Revenue Code 1966.,00:00.0,00:00.0,2180,00:00.0,00:00.0,NULL
568,0745D386-4F6A-422D-B104-C2800D80BCD8,Tax Collection Under Maharashtra Land Revenue Code 1966.,00:00.0,00:00.0,2180,00:00.0,00:00.0,NULL
569,47AA05FA-AAF8-4ECA-84FA-B0DD08071406,Tax Collection Under Maharashtra Land Revenue Code 1966.,00:00.0,00:00.0,2180,00:00.0,00:00.0,NULL
570,61278840-4471-4740-BFCE-94763CA4FE69,Tax Collection Under Maharashtra Land Revenue Code 1966.,00:00.0,00:00.0,2180,00:00.0,00:00.0,NULL
571,3F9419A0-6B8A-4391-AB01-5AE677D8BA97,Tax Collection Under Maharashtra Land Revenue Code 1966.,00:00.0,00:00.0,2180,00:00.0,00:00.0,NULL
572,0D72E715-C02C-404C-9324-EE842733298B,Tax Collection Under Maharashtra Land Revenue Code 1966.,00:00.0,00:00.0,2180,00:00.0,00:00.0,NULL
573,DBF749E3-D9BD-413F-95E7-78AD4A73431F,Tax Collection Under Maharashtra Land Revenue Code 1966.,00:00.0,00:00.0,2180,00:00.0,00:00.0,NULL
574,27609EE2-6638-414B-B0CC-14724029BAE9,Tax Collection Under Maharashtra Land Revenue Code 1966.,00:00.0,00:00.0,2180,00:00.0,00:00.0,NULL
575,8F7948F1-BF71-4DE2-86E4-D0ACAA010E95,Tax Collection Under Maharashtra Land Revenue Code 1966.,00:00.0,00:00.0,2180,00:00.0,00:00.0,NULL
576,D4EF1932-F4F7-4CAF-A97F-996A29A4D2ED,Tax Collection Under Maharashtra Land Revenue Code 1966.,00:00.0,00:00.0,2180,00:00.0,00:00.0,NULL
577,9A0FF731-26BC-42E5-AFC2-9B28B03EE9DB,Tax Collection Under Maharashtra Land Revenue Code 1966.,00:00.0,00:00.0,2180,00:00.0,00:00.0,NULL
578,DADCC7D5-B425-440A-9635-E840F5099088,Tax Collection Under Maharashtra Land Revenue Code 1966.,00:00.0,00:00.0,2180,00:00.0,00:00.0,NULL
579,1DE730DF-949D-4CE2-B3F5-786FB4FA5502,Tax Collection Under Maharashtra Land Revenue Code 1966.,00:00.0,00:00.0,2180,00:00.0,00:00.0,NULL
580,5DF448BD-B9A4-43CC-8528-FD681A4C7BC5,Tax Collection Under Maharashtra Land Revenue Code 1966.,00:00.0,00:00.0,2180,00:00.0,00:00.0,NULL
581,C599556E-E8BC-46D3-8D63-8A894A2163C7,Tax Collection Under Maharashtra Land Revenue Code 1966.,00:00.0,00:00.0,2180,00:00.0,00:00.0,NULL
582,779CFB32-44A7-4A40-AECF-07AC502691EC,Tax Collection Under Maharashtra Land Revenue Code 1966.,00:00.0,00:00.0,2180,00:00.0,00:00.0,NULL
583,E60E0733-9F71-41B9-9C14-8B74941E6EDC,Tax Collection Under Maharashtra Land Revenue Code 1966.,00:00.0,00:00.0,2180,00:00.0,00:00.0,NULL
584,B121D3F5-AC53-4981-B2EF-98DF9CAE95BA,Tax Collection Under Maharashtra Land Revenue Code 1966.,00:00.0,00:00.0,2180,00:00.0,00:00.0,NULL
585,F74CEBD4-AFF3-49D1-8D42-A7ECCED59EF2,Tax Collection Under Maharashtra Land Revenue Code 1966.,00:00.0,00:00.0,2180,00:00.0,00:00.0,NULL
586,F8CB8F95-619D-49F1-8820-D18A69F1852F,Tax Collection Under Maharashtra Land Revenue Code 1966.,00:00.0,00:00.0,2180,00:00.0,00:00.0,NULL
587,80FCF1FF-F6E5-4780-A69B-56A154C62C06,Tax Collection Under Maharashtra Land Revenue Code 1966.,00:00.0,00:00.0,2180,00:00.0,00:00.0,NULL
588,798A682B-79F9-42BF-9E88-9FACBA0BF517,Tax Collection Under Maharashtra Land Revenue Code 1966.,00:00.0,00:00.0,2180,00:00.0,00:00.0,NULL
589,2410DBC5-5E1C-47C0-8344-2CC879274C93,Tax Collection Under Maharashtra Land Revenue Code 1966.,00:00.0,00:00.0,2180,00:00.0,00:00.0,NULL
590,D157D2D5-CFEB-4DE8-BD11-9A24E6C14FDB,Tax Collection Under Maharashtra Land Revenue Code 1966.,00:00.0,00:00.0,2180,00:00.0,00:00.0,NULL
591,75DD556C-7CC7-4A05-869A-CEF0A93710B7,Tax Collection Under Maharashtra Land Revenue Code 1966.,00:00.0,00:00.0,2180,00:00.0,00:00.0,NULL
592,0131BFBC-E537-44DD-9D6D-1555A662380C,Tax Collection Under Maharashtra Land Revenue Code 1966.,00:00.0,00:00.0,2180,00:00.0,00:00.0,NULL
593,504F1F65-1A9B-4732-ABD9-206874B4CF46,Tax Collection Under Maharashtra Land Revenue Code 1966.,00:00.0,00:00.0,2180,00:00.0,00:00.0,NULL
594,AD3DB3B2-93D6-40F5-8FB8-613119DCC002,Tax Collection Under Maharashtra Land Revenue Code 1966.,00:00.0,00:00.0,2180,00:00.0,00:00.0,NULL
595,9A34393C-47ED-4423-9E05-B2DC7D96278F,Tax Collection Under Maharashtra Land Revenue Code 1966.,00:00.0,00:00.0,2180,00:00.0,00:00.0,NULL
596,47753C18-1FAF-4DA8-A29E-98BB0A083D9B,Tax Collection Under Maharashtra Land Revenue Code 1966.,00:00.0,00:00.0,2180,00:00.0,00:00.0,NULL
597,D52B63DB-464C-49AD-A5DB-0FDF915EA0FA,Tax Collection Under Maharashtra Land Revenue Code 1966.,00:00.0,00:00.0,2180,00:00.0,00:00.0,NULL
598,9F5F1692-0F35-4135-BD05-39800147FA15,Tax Collection Under Maharashtra Land Revenue Code 1966.,00:00.0,00:00.0,2180,00:00.0,00:00.0,NULL
599,B0A7B49E-B344-4D68-AC26-9E6966D5B852,Tax Collection Under Maharashtra Land Revenue Code 1966.,00:00.0,00:00.0,2180,00:00.0,00:00.0,NULL
600,3C0157EC-87E0-430C-AF1A-24393016D2D8,Tax Collection Under Maharashtra Land Revenue Code 1966.,00:00.0,00:00.0,2180,00:00.0,00:00.0,NULL
601,9EEE7420-AD56-421D-AFC9-259452A270CB,Tax Collection Under Maharashtra Land Revenue Code 1966.,00:00.0,00:00.0,2180,00:00.0,00:00.0,NULL
602,4D49369B-1ED2-4B55-8F1D-4395329DE2B8,Tax Collection Under Maharashtra Land Revenue Code 1966.,00:00.0,00:00.0,2180,00:00.0,00:00.0,NULL
603,D5C11795-6627-4B79-9DDC-7D8746CD4FCD,Tax Collection Under Maharashtra Land Revenue Code 1966.,00:00.0,00:00.0,2180,00:00.0,00:00.0,NULL
604,7A39E86A-9098-4BB7-A2A2-FDF23557C1EA,Tax Collection Under Maharashtra Land Revenue Code 1966.,00:00.0,00:00.0,2180,00:00.0,00:00.0,NULL
605,3E7E9B55-95DB-4CFE-A976-CC5708FA3A84,Tax Collection Under Maharashtra Land Revenue Code 1966.,00:00.0,00:00.0,2180,00:00.0,00:00.0,NULL
606,94FC61DA-6A57-469C-9FA6-F714FD94ED67,Tax Collection Under Maharashtra Land Revenue Code 1966.,00:00.0,00:00.0,2180,00:00.0,00:00.0,NULL
607,5B5BD73B-6A24-4194-9B27-B65D326299BE,Tax Collection Under Maharashtra Land Revenue Code 1966.,00:00.0,00:00.0,2180,00:00.0,00:00.0,NULL
608,A0FFDEE8-CE6D-470A-9726-4340517BF5CE,Tax Collection Under Maharashtra Land Revenue Code 1966.,00:00.0,00:00.0,2180,00:00.0,00:00.0,NULL
609,0CA693AD-871B-401F-9EA4-DDC690B1B777,Tax Collection Under Maharashtra Land Revenue Code 1966.,00:00.0,00:00.0,2180,00:00.0,00:00.0,NULL
610,CB47A757-E06F-4ADD-84A9-8A6F5FAAB0F0,Tax Collection Under Maharashtra Land Revenue Code 1966.,00:00.0,00:00.0,2180,00:00.0,00:00.0,NULL
611,66F689CB-AA94-4446-9E05-97DB4C011FB3,Tax Collection Under Maharashtra Land Revenue Code 1966.,00:00.0,00:00.0,2180,00:00.0,00:00.0,NULL
612,98A68AA3-B04B-4DAB-89DC-75D55F06874F,Tax Collection Under Maharashtra Land Revenue Code 1966.,00:00.0,00:00.0,2180,00:00.0,00:00.0,NULL
613,707A8B97-BC97-49B2-881E-3910FD574CBF,Tax Collection Under Maharashtra Land Revenue Code 1966.,00:00.0,00:00.0,2180,00:00.0,00:00.0,NULL
614,3CF9C61C-6B22-4A24-9704-09455F15EBD2,Tax Collection Under Maharashtra Land Revenue Code 1966.,00:00.0,00:00.0,2180,00:00.0,00:00.0,NULL
615,1515FEE1-1EB3-4C88-8333-F669FDB8D2CF,Tax Collection Under Maharashtra Land Revenue Code 1966.,00:00.0,00:00.0,2180,00:00.0,00:00.0,NULL
616,1B4BD0D1-A377-445C-B1E8-00EFD2B1BF55,Tax Collection Under Maharashtra Land Revenue Code 1966.,00:00.0,00:00.0,2180,00:00.0,00:00.0,NULL
617,31D206CB-9458-4087-A570-DE7F263316CD,Tax Collection Under Maharashtra Land Revenue Code 1966.,00:00.0,00:00.0,2180,00:00.0,00:00.0,NULL
618,DFD5EC2E-AD05-44F6-B242-B7CEAE68466E,Tax Collection Under Maharashtra Land Revenue Code 1966.,00:00.0,00:00.0,2180,00:00.0,00:00.0,NULL
619,AD24823D-3985-4834-BDA9-C4FEA1C7B984,Tax Collection Under Maharashtra Land Revenue Code 1966.,00:00.0,00:00.0,2180,00:00.0,00:00.0,NULL
620,D85A9EF7-7885-4DDB-A157-4A2B1DA5E938,Tax Collection Under Maharashtra Land Revenue Code 1966.,00:00.0,00:00.0,2180,00:00.0,00:00.0,NULL
621,E6B13AA8-4DB9-41DE-BA50-1D379C6CE4AC,Tax Collection Under Maharashtra Land Revenue Code 1966.,00:00.0,00:00.0,2180,00:00.0,00:00.0,NULL
622,5FF9AD90-8013-478C-8C43-ABD93E82CADE,Tax Collection Under Maharashtra Land Revenue Code 1966.,00:00.0,00:00.0,2180,00:00.0,00:00.0,NULL
623,E40CBFE4-ACAF-4FFD-8CA5-D2888EC48071,Tax Collection Under Maharashtra Land Revenue Code 1966.,00:00.0,00:00.0,2180,00:00.0,00:00.0,NULL
624,6EC51B9E-F048-4B4E-AD6D-8C5794FAFFCD,Tax Collection Under Maharashtra Land Revenue Code 1966.,00:00.0,00:00.0,2180,00:00.0,00:00.0,NULL
625,CB66079B-6E2B-425E-BF77-B22DC6475E5E,Tax Collection Under Maharashtra Land Revenue Code 1966.,00:00.0,00:00.0,2180,00:00.0,00:00.0,NULL
626,BC03FF0E-B4CC-4A6E-BCB6-725272F7D03C,Tax Collection Under Maharashtra Land Revenue Code 1966.,00:00.0,00:00.0,2180,00:00.0,00:00.0,NULL
627,DD1DE701-39B5-4584-82A0-EBA19EAEF419,Tax Collection Under Maharashtra Land Revenue Code 1966.,00:00.0,00:00.0,2180,00:00.0,00:00.0,NULL
628,BF70F47D-EC0C-434A-8F9F-7C7D985D1D73,Tax Collection Under Maharashtra Land Revenue Code 1966.,00:00.0,00:00.0,2180,00:00.0,00:00.0,NULL
629,5B1821FF-A4DA-40C7-87B6-DB43B7E1F0D8,Tax Collection Under Maharashtra Land Revenue Code 1966.,00:00.0,00:00.0,2180,00:00.0,00:00.0,NULL
630,37D578C5-206E-4AD6-A7DB-75CBFAF2562A,Tax Collection Under Maharashtra Land Revenue Code 1966.,00:00.0,00:00.0,2180,00:00.0,00:00.0,NULL
631,2D92059C-19A3-4F36-87C3-286C040C3F03,Tax Collection Under Maharashtra Land Revenue Code 1966.,00:00.0,00:00.0,2180,00:00.0,00:00.0,NULL
632,8ECA7B45-8A68-4CC7-B35A-3C3DD1A956BC,Tax Collection Under Maharashtra Land Revenue Code 1966.,00:00.0,00:00.0,2180,00:00.0,00:00.0,NULL
633,8EC0AFA0-7570-428B-8340-413655EF9110,Tax Collection Under Maharashtra Land Revenue Code 1966.,00:00.0,00:00.0,2180,00:00.0,00:00.0,NULL
634,A0B8C11C-6732-4FDC-A018-F3DF359CA7E6,Tax Collection Under Maharashtra Land Revenue Code 1966.,00:00.0,00:00.0,2180,00:00.0,00:00.0,NULL
635,7CB0B010-B0E7-4761-8CAD-735C6211A391,Tax Collection Under Maharashtra Land Revenue Code 1966.,00:00.0,00:00.0,2180,00:00.0,00:00.0,NULL
636,2E0B52AB-BA40-4177-B519-01D8C9AC41F2,Tax Collection Under Maharashtra Land Revenue Code 1966.,00:00.0,00:00.0,2180,00:00.0,00:00.0,NULL
637,EDFDEACE-2632-44B8-9896-397917190A61,Tax Collection Under Maharashtra Land Revenue Code 1966.,00:00.0,00:00.0,2180,00:00.0,00:00.0,NULL
638,694C5299-3C79-4119-AB75-C6C2EAA9C282,Tax Collection Under Maharashtra Land Revenue Code 1966.,00:00.0,00:00.0,2180,00:00.0,00:00.0,NULL
639,925CB0BC-B681-4978-AAD5-D64F3B7E21CE,Tax Collection Under Maharashtra Land Revenue Code 1966.,00:00.0,00:00.0,2180,00:00.0,00:00.0,NULL
640,ABE6C634-1B1B-4085-B973-0D1FAFB55B2B,Tax Collection Under Maharashtra Land Revenue Code 1966.,00:00.0,00:00.0,2180,00:00.0,00:00.0,NULL
641,C027D0ED-C078-4860-A157-BE5BBC06BA90,Tax Collection Under Maharashtra Land Revenue Code 1966.,00:00.0,00:00.0,2180,00:00.0,00:00.0,NULL
642,0D82C088-94BC-471F-B4CD-0C60914E0756,Tax Collection Under Maharashtra Land Revenue Code 1966.,00:00.0,00:00.0,2180,00:00.0,00:00.0,NULL
643,B985C903-968D-40A1-A587-0E622116225E,Tax Collection Under Maharashtra Land Revenue Code 1966.,00:00.0,00:00.0,2180,00:00.0,00:00.0,NULL
644,1090DDB6-F7A0-4049-8FFE-16DF011639AC,Tax Collection Under Maharashtra Land Revenue Code 1966.,00:00.0,00:00.0,2180,00:00.0,00:00.0,NULL
645,368A31EF-6E04-4244-9F87-3EC7B48C151B,Tax Collection Under Maharashtra Land Revenue Code 1966.,00:00.0,00:00.0,2180,00:00.0,00:00.0,NULL
646,377E9178-EE55-45AB-88AB-9C6E7BA7624D,Tax Collection Under Maharashtra Land Revenue Code 1966.,00:00.0,00:00.0,2180,00:00.0,00:00.0,NULL
647,1CED60AA-7A43-45DB-B85F-B23AF6D2A185,Tax Collection Under Maharashtra Land Revenue Code 1966.,00:00.0,00:00.0,2180,00:00.0,00:00.0,NULL
648,981C2DDE-5541-4A28-855D-83759712E01A,Tax Collection Under Maharashtra Land Revenue Code 1966.,00:00.0,00:00.0,2180,00:00.0,00:00.0,NULL
649,129A6141-76DC-4DD0-9C42-B89BC152EC8B,Tax Collection Under Maharashtra Land Revenue Code 1966.,00:00.0,00:00.0,2180,00:00.0,00:00.0,NULL
650,4B9573BC-36DF-4C3E-94E0-21E0E272DA5F,Tax Collection Under Maharashtra Land Revenue Code 1966.,00:00.0,00:00.0,2180,00:00.0,00:00.0,NULL
651,C96FEE7C-24BC-4E01-957B-B1FA44C13707,Tax Collection Under Maharashtra Land Revenue Code 1966.,00:00.0,00:00.0,2180,00:00.0,00:00.0,NULL
652,15D2DA32-BFFE-40FC-9818-8AF59E3DE58D,Tax Collection Under Maharashtra Land Revenue Code 1966.,00:00.0,00:00.0,2180,00:00.0,00:00.0,NULL
653,E1DDBD05-C75A-4A4C-AFD3-FA0B99699276,Tax Collection Under Maharashtra Land Revenue Code 1966.,00:00.0,00:00.0,2180,00:00.0,00:00.0,NULL
654,48BF3F34-CC02-4388-8FBD-954D0B62AAF6,Tax Collection Under Maharashtra Land Revenue Code 1966.,00:00.0,00:00.0,2180,00:00.0,00:00.0,NULL
655,6299814E-03DE-4066-9CDD-321C25CD139C,Tax Collection Under Maharashtra Land Revenue Code 1966.,00:00.0,00:00.0,2180,00:00.0,00:00.0,NULL
656,9C592506-ABAF-425A-B45F-8940141BE2BE,Tax Collection Under Maharashtra Land Revenue Code 1966.,00:00.0,00:00.0,2180,00:00.0,00:00.0,NULL
657,4A840EE3-C3DF-4C80-8F1C-D039E84EC07F,Tax Collection Under Maharashtra Land Revenue Code 1966.,00:00.0,00:00.0,2180,00:00.0,00:00.0,NULL
658,942D5B2A-21AE-47C3-9AFC-3A3807F22A58,Tax Collection Under Maharashtra Land Revenue Code 1966.,00:00.0,00:00.0,2180,00:00.0,00:00.0,NULL
659,74254D90-EA9D-474C-A56B-66034A8C1CF3,Tax Collection Under Maharashtra Land Revenue Code 1966.,00:00.0,00:00.0,2180,00:00.0,00:00.0,NULL
660,D9FA2F67-C77E-43ED-8275-6ED4DFC023D1,Tax Collection Under Maharashtra Land Revenue Code 1966.,00:00.0,00:00.0,2180,00:00.0,00:00.0,NULL
662,3EE7DDC4-BCCD-4C3D-A0AB-71123295A16B,Tax Collection Under Maharashtra Land Revenue Code 1966.,00:00.0,00:00.0,2180,00:00.0,24:46.9,NULL
